﻿<ConversionLog>
    <Settings>
        <Setting
            Name = "LogFile"
            Value = "TurtleTracks.net_Csharp.xml"
        />
        <Setting
            Name = "ProjectName"
            Value = "TurtleTracksnet_Csharp"
        />
        <Setting
            Name = "OutputDir"
            Value = "C:\Documents and Settings\George Birbilis\Desktop\TurtleTracks.net\test\source\TurtleTracks.net_Csharp.NET"
        />
        <Setting
            Name = "ProjectPath"
            Value = "C:\Documents and Settings\George Birbilis\Desktop\TurtleTracks.net\test\source"
        />
    </Settings>
    <Root>
        <File
            OldPath = "C:\Documents and Settings\George Birbilis\Desktop\TurtleTracks.net\test\source\CaselessString.java"
            NewPath = "C:\Documents and Settings\George Birbilis\Desktop\TurtleTracks.net\test\source\TurtleTracks.net_Csharp.NET\CaselessString.cs"
        >
            <Class Name = "turtletracks_net.jsharp.CaselessString" >
                <Section Name = "equals(java.lang.Object)" >
                    <Issue
                        Type = "ToDo"
                        Number = "1043"
                        Severity = "2"
                    >The equivalent in .NET for method 'java.lang.Object.toString' may return a different value.</Issue>
                </Section>
                <Section Name = "compareTo(java.lang.Object)" >
                    <Issue
                        Type = "ToDo"
                        Number = "1043"
                        Severity = "2"
                    >The equivalent in .NET for method 'java.lang.Object.toString' may return a different value.</Issue>
                </Section>
            </Class>
        </File>
        <File
            OldPath = "C:\Documents and Settings\George Birbilis\Desktop\TurtleTracks.net\test\source\Console.java"
            NewPath = "C:\Documents and Settings\George Birbilis\Desktop\TurtleTracks.net\test\source\TurtleTracks.net_Csharp.NET\Console.cs"
        />
        <File
            OldPath = "C:\Documents and Settings\George Birbilis\Desktop\TurtleTracks.net\test\source\InterpEnviron.java"
            NewPath = "C:\Documents and Settings\George Birbilis\Desktop\TurtleTracks.net\test\source\TurtleTracks.net_Csharp.NET\InterpEnviron.cs"
        />
        <File
            OldPath = "C:\Documents and Settings\George Birbilis\Desktop\TurtleTracks.net\test\source\InterpreterThread.java"
            NewPath = "C:\Documents and Settings\George Birbilis\Desktop\TurtleTracks.net\test\source\TurtleTracks.net_Csharp.NET\InterpreterThread.cs"
        >
            <Class Name = "turtletracks_net.jsharp.InterpreterThread" >
                <Section Name = "run()" >
                    <Issue
                        Type = "ToDo"
                        Number = "1043"
                        Severity = "2"
                    >The equivalent in .NET for method 'java.lang.Object.toString' may return a different value.</Issue>
                    <Issue
                        Type = "ToDo"
                        Number = "1043"
                        Severity = "2"
                    >The equivalent in .NET for method 'java.lang.Object.toString' may return a different value.</Issue>
                    <Issue
                        Type = "ToDo"
                        Number = "1043"
                        Severity = "2"
                    >The equivalent in .NET for method 'java.lang.Throwable.toString' may return a different value.</Issue>
                </Section>
            </Class>
        </File>
        <File
            OldPath = "C:\Documents and Settings\George Birbilis\Desktop\TurtleTracks.net\test\source\IOBase.java"
            NewPath = "C:\Documents and Settings\George Birbilis\Desktop\TurtleTracks.net\test\source\TurtleTracks.net_Csharp.NET\IOBase.cs"
        />
        <File
            OldPath = "C:\Documents and Settings\George Birbilis\Desktop\TurtleTracks.net\test\source\IORandom.java"
            NewPath = "C:\Documents and Settings\George Birbilis\Desktop\TurtleTracks.net\test\source\TurtleTracks.net_Csharp.NET\IORandom.cs"
        />
        <File
            OldPath = "C:\Documents and Settings\George Birbilis\Desktop\TurtleTracks.net\test\source\IORandomFile.java"
            NewPath = "C:\Documents and Settings\George Birbilis\Desktop\TurtleTracks.net\test\source\TurtleTracks.net_Csharp.NET\IORandomFile.cs"
        >
            <Class Name = "turtletracks_net.jsharp.IORandomFile" >
                <Section Name = "IORandomFile(java.io.File)" >
                    <Issue
                        Type = "ToDo"
                        Number = "1043"
                        Severity = "2"
                    >The equivalent in .NET for method 'java.lang.Throwable.getMessage' may return a different value.</Issue>
                    <Issue
                        Type = "ToDo"
                        Number = "1043"
                        Severity = "2"
                    >The equivalent in .NET for method 'java.lang.Throwable.toString' may return a different value.</Issue>
                </Section>
                <Section Name = "eof()" >
                    <Issue
                        Type = "ToDo"
                        Number = "1043"
                        Severity = "2"
                    >The equivalent in .NET for method 'java.lang.Throwable.toString' may return a different value.</Issue>
                </Section>
                <Section Name = "getLine()" >
                    <Issue
                        Type = "Compile"
                        Number = "1000"
                        LinkKeywordParam = "_javaioRandomAccessFilereadLine"
                        Severity = "1"
                    >Method 'java.io.RandomAccessFile.readLine' was not converted.</Issue>
                    <Issue
                        Type = "ToDo"
                        Number = "1043"
                        Severity = "2"
                    >The equivalent in .NET for method 'java.lang.Throwable.toString' may return a different value.</Issue>
                </Section>
                <Section Name = "getAvailable(char[])" >
                    <Issue
                        Type = "ToDo"
                        Number = "1043"
                        Severity = "2"
                    >The equivalent in .NET for method 'java.lang.Throwable.toString' may return a different value.</Issue>
                </Section>
                <Section Name = "getChar()" >
                    <Issue
                        Type = "ToDo"
                        Number = "1043"
                        Severity = "2"
                    >The equivalent in .NET for method 'java.lang.Throwable.toString' may return a different value.</Issue>
                </Section>
                <Section Name = "charAvail()" >
                    <Issue
                        Type = "ToDo"
                        Number = "1043"
                        Severity = "2"
                    >The equivalent in .NET for method 'java.lang.Throwable.toString' may return a different value.</Issue>
                </Section>
                <Section Name = "put(java.lang.String)" >
                    <Issue
                        Type = "ToDo"
                        Number = "1043"
                        Severity = "2"
                    >The equivalent in .NET for method 'java.lang.Throwable.toString' may return a different value.</Issue>
                </Section>
                <Section Name = "putLine(java.lang.String)" >
                    <Issue
                        Type = "ToDo"
                        Number = "1043"
                        Severity = "2"
                    >The equivalent in .NET for method 'java.lang.Throwable.toString' may return a different value.</Issue>
                </Section>
                <Section Name = "put(char)" >
                    <Issue
                        Type = "ToDo"
                        Number = "1043"
                        Severity = "2"
                    >The equivalent in .NET for method 'java.lang.Throwable.toString' may return a different value.</Issue>
                </Section>
                <Section Name = "put(char[],int)" >
                    <Issue
                        Type = "ToDo"
                        Number = "1043"
                        Severity = "2"
                    >The equivalent in .NET for method 'java.lang.Throwable.toString' may return a different value.</Issue>
                </Section>
                <Section Name = "seek(long)" >
                    <Issue
                        Type = "ToDo"
                        Number = "1043"
                        Severity = "2"
                    >The equivalent in .NET for method 'java.lang.Throwable.toString' may return a different value.</Issue>
                </Section>
                <Section Name = "tell()" >
                    <Issue
                        Type = "ToDo"
                        Number = "1043"
                        Severity = "2"
                    >The equivalent in .NET for method 'java.lang.Throwable.toString' may return a different value.</Issue>
                </Section>
                <Section Name = "length()" >
                    <Issue
                        Type = "ToDo"
                        Number = "1043"
                        Severity = "2"
                    >The equivalent in .NET for method 'java.lang.Throwable.toString' may return a different value.</Issue>
                </Section>
                <Section Name = "Declarations" >
                    <Issue
                        Type = "ToDo"
                        Number = "1073"
                        LinkKeywordParam = "_javaioRandomAccessFile"
                        Severity = "2"
                    >Class 'java.io.RandomAccessFile' was converted to 'System.IO.FileStream' which has a different behavior.</Issue>
                </Section>
            </Class>
        </File>
        <File
            OldPath = "C:\Documents and Settings\George Birbilis\Desktop\TurtleTracks.net\test\source\IOReadFile.java"
            NewPath = "C:\Documents and Settings\George Birbilis\Desktop\TurtleTracks.net\test\source\TurtleTracks.net_Csharp.NET\IOReadFile.cs"
        >
            <Class Name = "turtletracks_net.jsharp.IOReadFile" >
                <Section Name = "IOReadFile(java.io.File)" >
                    <Issue
                        Type = "ToDo"
                        Number = "1092"
                        Severity = "2"
                    >The differences in the expected value  of parameters for constructor 'java.io.BufferedReader.BufferedReader'  may cause compilation errors. </Issue>
                    <Issue
                        Type = "Runtime"
                        Number = "1181"
                        Severity = "2"
                    >At least one expression was used more than once in the target code.</Issue>
                    <Issue
                        Type = "ToDo"
                        Number = "1073"
                        Severity = "2"
                    >Constructor 'java.io.FileReader.FileReader' was converted to 'System.IO.StreamReader' which has a different behavior.</Issue>
                    <Issue
                        Type = "ToDo"
                        Number = "1073"
                        Severity = "2"
                    >Constructor 'java.io.FileReader.FileReader' was converted to 'System.IO.StreamReader' which has a different behavior.</Issue>
                    <Issue
                        Type = "ToDo"
                        Number = "1043"
                        Severity = "2"
                    >The equivalent in .NET for method 'java.lang.Throwable.getMessage' may return a different value.</Issue>
                    <Issue
                        Type = "ToDo"
                        Number = "1043"
                        Severity = "2"
                    >The equivalent in .NET for method 'java.lang.Throwable.toString' may return a different value.</Issue>
                </Section>
            </Class>
        </File>
        <File
            OldPath = "C:\Documents and Settings\George Birbilis\Desktop\TurtleTracks.net\test\source\IOSocket.java"
            NewPath = "C:\Documents and Settings\George Birbilis\Desktop\TurtleTracks.net\test\source\TurtleTracks.net_Csharp.NET\IOSocket.cs"
        >
            <Class Name = "turtletracks_net.jsharp.IOSocket" >
                <Section Name = "IOSocket(java.lang.String,int)" >
                    <Issue
                        Type = "Compile"
                        Number = "1000"
                        LinkKeywordParam = "_javanetSocketgetLocalPort"
                        Severity = "1"
                    >Method 'java.net.Socket.getLocalPort' was not converted.</Issue>
                    <Issue
                        Type = "ToDo"
                        Number = "1043"
                        Severity = "2"
                    >The equivalent in .NET for method 'java.net.InetAddress.getHostName' may return a different value.</Issue>
                    <Issue
                        Type = "Compile"
                        Number = "1000"
                        LinkKeywordParam = "_javanetSocketgetInetAddress"
                        Severity = "1"
                    >Method 'java.net.Socket.getInetAddress' was not converted.</Issue>
                    <Issue
                        Type = "Compile"
                        Number = "1000"
                        LinkKeywordParam = "_javanetSocketgetPort"
                        Severity = "1"
                    >Method 'java.net.Socket.getPort' was not converted.</Issue>
                    <Issue
                        Type = "ToDo"
                        Number = "1092"
                        Severity = "2"
                    >The differences in the expected value  of parameters for constructor 'java.io.BufferedReader.BufferedReader'  may cause compilation errors. </Issue>
                    <Issue
                        Type = "Runtime"
                        Number = "1181"
                        Severity = "2"
                    >At least one expression was used more than once in the target code.</Issue>
                    <Issue
                        Type = "Runtime"
                        Number = "1181"
                        Severity = "2"
                    >At least one expression was used more than once in the target code.</Issue>
                    <Issue
                        Type = "ToDo"
                        Number = "1043"
                        Severity = "2"
                    >The equivalent in .NET for method 'java.lang.Throwable.getMessage' may return a different value.</Issue>
                    <Issue
                        Type = "ToDo"
                        Number = "1043"
                        Severity = "2"
                    >The equivalent in .NET for method 'java.lang.Throwable.toString' may return a different value.</Issue>
                </Section>
                <Section Name = "IOSocket(java.net.Socket)" >
                    <Issue
                        Type = "Compile"
                        Number = "1000"
                        LinkKeywordParam = "_javanetSocketgetLocalPort"
                        Severity = "1"
                    >Method 'java.net.Socket.getLocalPort' was not converted.</Issue>
                    <Issue
                        Type = "ToDo"
                        Number = "1043"
                        Severity = "2"
                    >The equivalent in .NET for method 'java.net.InetAddress.getHostName' may return a different value.</Issue>
                    <Issue
                        Type = "Compile"
                        Number = "1000"
                        LinkKeywordParam = "_javanetSocketgetInetAddress"
                        Severity = "1"
                    >Method 'java.net.Socket.getInetAddress' was not converted.</Issue>
                    <Issue
                        Type = "Compile"
                        Number = "1000"
                        LinkKeywordParam = "_javanetSocketgetPort"
                        Severity = "1"
                    >Method 'java.net.Socket.getPort' was not converted.</Issue>
                    <Issue
                        Type = "ToDo"
                        Number = "1092"
                        Severity = "2"
                    >The differences in the expected value  of parameters for constructor 'java.io.BufferedReader.BufferedReader'  may cause compilation errors. </Issue>
                    <Issue
                        Type = "Runtime"
                        Number = "1181"
                        Severity = "2"
                    >At least one expression was used more than once in the target code.</Issue>
                    <Issue
                        Type = "Runtime"
                        Number = "1181"
                        Severity = "2"
                    >At least one expression was used more than once in the target code.</Issue>
                    <Issue
                        Type = "ToDo"
                        Number = "1043"
                        Severity = "2"
                    >The equivalent in .NET for method 'java.lang.Throwable.getMessage' may return a different value.</Issue>
                    <Issue
                        Type = "ToDo"
                        Number = "1043"
                        Severity = "2"
                    >The equivalent in .NET for method 'java.lang.Throwable.toString' may return a different value.</Issue>
                </Section>
            </Class>
        </File>
        <File
            OldPath = "C:\Documents and Settings\George Birbilis\Desktop\TurtleTracks.net\test\source\IOStream.java"
            NewPath = "C:\Documents and Settings\George Birbilis\Desktop\TurtleTracks.net\test\source\TurtleTracks.net_Csharp.NET\IOStream.cs"
        >
            <Class Name = "turtletracks_net.jsharp.IOStream" >
                <Section Name = "eof()" >
                    <Issue
                        Type = "ToDo"
                        Number = "1043"
                        Severity = "2"
                    >The equivalent in .NET for method 'java.lang.Object.toString' may return a different value.</Issue>
                    <Issue
                        Type = "Compile"
                        Number = "1000"
                        LinkKeywordParam = "_javaioBufferedReadermark_int"
                        Severity = "1"
                    >Method 'java.io.BufferedReader.mark' was not converted.</Issue>
                    <Issue
                        Type = "Compile"
                        Number = "1000"
                        LinkKeywordParam = "_javaioBufferedReaderreset"
                        Severity = "1"
                    >Method 'java.io.BufferedReader.reset' was not converted.</Issue>
                </Section>
                <Section Name = "getLine()" >
                    <Issue
                        Type = "ToDo"
                        Number = "1043"
                        Severity = "2"
                    >The equivalent in .NET for method 'java.lang.Object.toString' may return a different value.</Issue>
                    <Issue
                        Type = "ToDo"
                        Number = "1043"
                        Severity = "2"
                    >The equivalent in .NET for method 'java.lang.Throwable.toString' may return a different value.</Issue>
                </Section>
                <Section Name = "getAvailable(char[])" >
                    <Issue
                        Type = "ToDo"
                        Number = "1043"
                        Severity = "2"
                    >The equivalent in .NET for method 'java.lang.Object.toString' may return a different value.</Issue>
                    <Issue
                        Type = "ToDo"
                        Number = "1043"
                        Severity = "2"
                    >The equivalent in .NET for method 'java.lang.Throwable.toString' may return a different value.</Issue>
                </Section>
                <Section Name = "getChar()" >
                    <Issue
                        Type = "ToDo"
                        Number = "1043"
                        Severity = "2"
                    >The equivalent in .NET for method 'java.lang.Object.toString' may return a different value.</Issue>
                    <Issue
                        Type = "ToDo"
                        Number = "1043"
                        Severity = "2"
                    >The equivalent in .NET for method 'java.lang.Throwable.toString' may return a different value.</Issue>
                </Section>
                <Section Name = "charAvail()" >
                    <Issue
                        Type = "ToDo"
                        Number = "1043"
                        Severity = "2"
                    >The equivalent in .NET for method 'java.lang.Object.toString' may return a different value.</Issue>
                    <Issue
                        Type = "ToDo"
                        Number = "1043"
                        Severity = "2"
                    >The equivalent in .NET for method 'java.lang.Throwable.toString' may return a different value.</Issue>
                </Section>
                <Section Name = "put(java.lang.String)" >
                    <Issue
                        Type = "ToDo"
                        Number = "1043"
                        Severity = "2"
                    >The equivalent in .NET for method 'java.lang.Object.toString' may return a different value.</Issue>
                    <Issue
                        Type = "ToDo"
                        Number = "1043"
                        Severity = "2"
                    >The equivalent in .NET for method 'java.lang.Throwable.toString' may return a different value.</Issue>
                </Section>
                <Section Name = "putLine(java.lang.String)" >
                    <Issue
                        Type = "ToDo"
                        Number = "1043"
                        Severity = "2"
                    >The equivalent in .NET for method 'java.lang.Object.toString' may return a different value.</Issue>
                    <Issue
                        Type = "ToDo"
                        Number = "1073"
                        Severity = "2"
                    >Method 'java.io.BufferedWriter.newLine' was converted to 'System.IO.TextWriter.WriteLine' which has a different behavior.</Issue>
                    <Issue
                        Type = "ToDo"
                        Number = "1043"
                        Severity = "2"
                    >The equivalent in .NET for method 'java.lang.Throwable.toString' may return a different value.</Issue>
                </Section>
                <Section Name = "put(char)" >
                    <Issue
                        Type = "ToDo"
                        Number = "1043"
                        Severity = "2"
                    >The equivalent in .NET for method 'java.lang.Object.toString' may return a different value.</Issue>
                    <Issue
                        Type = "ToDo"
                        Number = "1043"
                        Severity = "2"
                    >The equivalent in .NET for method 'java.lang.Throwable.toString' may return a different value.</Issue>
                </Section>
                <Section Name = "put(char[],int)" >
                    <Issue
                        Type = "ToDo"
                        Number = "1043"
                        Severity = "2"
                    >The equivalent in .NET for method 'java.lang.Object.toString' may return a different value.</Issue>
                    <Issue
                        Type = "ToDo"
                        Number = "1043"
                        Severity = "2"
                    >The equivalent in .NET for method 'java.lang.Throwable.toString' may return a different value.</Issue>
                </Section>
                <Section Name = "flush()" >
                    <Issue
                        Type = "ToDo"
                        Number = "1043"
                        Severity = "2"
                    >The equivalent in .NET for method 'java.lang.Object.toString' may return a different value.</Issue>
                    <Issue
                        Type = "ToDo"
                        Number = "1043"
                        Severity = "2"
                    >The equivalent in .NET for method 'java.lang.Throwable.toString' may return a different value.</Issue>
                </Section>
            </Class>
        </File>
        <File
            OldPath = "C:\Documents and Settings\George Birbilis\Desktop\TurtleTracks.net\test\source\IOURL.java"
            NewPath = "C:\Documents and Settings\George Birbilis\Desktop\TurtleTracks.net\test\source\TurtleTracks.net_Csharp.NET\IOURL.cs"
        >
            <Class Name = "turtletracks_net.jsharp.IOURL" >
                <Section Name = "IOURL(java.lang.String)" >
                    <Issue
                        Type = "ToDo"
                        Number = "1132"
                        Severity = "2"
                    >Class 'java.net.URL' was converted to a 'System.Uri' which does not throw an exception if a URL specifies an unknown protocol.</Issue>
                    <Issue
                        Type = "ToDo"
                        Number = "1092"
                        Severity = "2"
                    >The differences in the expected value  of parameters for constructor 'java.io.BufferedReader.BufferedReader'  may cause compilation errors. </Issue>
                    <Issue
                        Type = "Runtime"
                        Number = "1181"
                        Severity = "2"
                    >At least one expression was used more than once in the target code.</Issue>
                    <Issue
                        Type = "ToDo"
                        Number = "1043"
                        Severity = "2"
                    >The equivalent in .NET for method 'java.lang.Throwable.toString' may return a different value.</Issue>
                </Section>
            </Class>
        </File>
        <File
            OldPath = "C:\Documents and Settings\George Birbilis\Desktop\TurtleTracks.net\test\source\IOWriteFile.java"
            NewPath = "C:\Documents and Settings\George Birbilis\Desktop\TurtleTracks.net\test\source\TurtleTracks.net_Csharp.NET\IOWriteFile.cs"
        >
            <Class Name = "turtletracks_net.jsharp.IOWriteFile" >
                <Section Name = "IOWriteFile(java.io.File)" >
                    <Issue
                        Type = "Runtime"
                        Number = "1181"
                        Severity = "2"
                    >At least one expression was used more than once in the target code.</Issue>
                    <Issue
                        Type = "ToDo"
                        Number = "1073"
                        LinkKeywordParam = "_javaioFileWriterFileWriter_javaioFile"
                        Severity = "2"
                    >Constructor 'java.io.FileWriter.FileWriter' was converted to 'System.IO.StreamWriter' which has a different behavior.</Issue>
                    <Issue
                        Type = "ToDo"
                        Number = "1073"
                        LinkKeywordParam = "_javaioFileWriter"
                        Severity = "2"
                    >Class 'java.io.FileWriter' was converted to 'System.IO.StreamWriter' which has a different behavior.</Issue>
                    <Issue
                        Type = "ToDo"
                        Number = "1073"
                        LinkKeywordParam = "_javaioFileWriterFileWriter_javaioFile"
                        Severity = "2"
                    >Constructor 'java.io.FileWriter.FileWriter' was converted to 'System.IO.StreamWriter' which has a different behavior.</Issue>
                    <Issue
                        Type = "ToDo"
                        Number = "1073"
                        LinkKeywordParam = "_javaioFileWriter"
                        Severity = "2"
                    >Class 'java.io.FileWriter' was converted to 'System.IO.StreamWriter' which has a different behavior.</Issue>
                    <Issue
                        Type = "ToDo"
                        Number = "1043"
                        Severity = "2"
                    >The equivalent in .NET for method 'java.lang.Throwable.getMessage' may return a different value.</Issue>
                    <Issue
                        Type = "ToDo"
                        Number = "1043"
                        Severity = "2"
                    >The equivalent in .NET for method 'java.lang.Throwable.toString' may return a different value.</Issue>
                </Section>
            </Class>
        </File>
        <File
            OldPath = "C:\Documents and Settings\George Birbilis\Desktop\TurtleTracks.net\test\source\LanguageException.java"
            NewPath = "C:\Documents and Settings\George Birbilis\Desktop\TurtleTracks.net\test\source\TurtleTracks.net_Csharp.NET\LanguageException.cs"
        >
            <Class Name = "turtletracks_net.jsharp.LanguageException" >
                <Section Name = "generateMessage()" >
                    <Issue
                        Type = "ToDo"
                        Number = "1043"
                        Severity = "2"
                    >The equivalent in .NET for method 'java.lang.Throwable.getMessage' may return a different value.</Issue>
                    <Issue
                        Type = "ToDo"
                        Number = "1043"
                        Severity = "2"
                    >The equivalent in .NET for method 'java.lang.Throwable.getMessage' may return a different value.</Issue>
                    <Issue
                        Type = "ToDo"
                        Number = "1043"
                        Severity = "2"
                    >The equivalent in .NET for method 'java.lang.Throwable.getMessage' may return a different value.</Issue>
                    <Issue
                        Type = "ToDo"
                        Number = "1043"
                        Severity = "2"
                    >The equivalent in .NET for method 'java.lang.Throwable.getMessage' may return a different value.</Issue>
                </Section>
            </Class>
        </File>
        <File
            OldPath = "C:\Documents and Settings\George Birbilis\Desktop\TurtleTracks.net\test\source\LogoList.java"
            NewPath = "C:\Documents and Settings\George Birbilis\Desktop\TurtleTracks.net\test\source\TurtleTracks.net_Csharp.NET\LogoList.cs"
        >
            <Class Name = "turtletracks_net.jsharp.LogoList" >
                <Section Name = "toString()" >
                    <Issue
                        Type = "ToDo"
                        Number = "1043"
                        Severity = "2"
                    >The equivalent in .NET for method 'java.lang.Object.toString' may return a different value.</Issue>
                </Section>
                <Section Name = "toStringOpen()" >
                    <Issue
                        Type = "ToDo"
                        Number = "1043"
                        Severity = "2"
                    >The equivalent in .NET for method 'java.lang.Object.toString' may return a different value.</Issue>
                </Section>
            </Class>
        </File>
        <File
            OldPath = "C:\Documents and Settings\George Birbilis\Desktop\TurtleTracks.net\test\source\LogoObject.java"
            NewPath = "C:\Documents and Settings\George Birbilis\Desktop\TurtleTracks.net\test\source\TurtleTracks.net_Csharp.NET\LogoObject.cs"
        >
            <Class Name = "turtletracks_net.jsharp.LogoObject" >
                <Section Name = "toCaselessString()" >
                    <Issue
                        Type = "ToDo"
                        Number = "1043"
                        Severity = "2"
                    >The equivalent in .NET for method 'java.lang.Object.toString' may return a different value.</Issue>
                </Section>
            </Class>
        </File>
        <File
            OldPath = "C:\Documents and Settings\George Birbilis\Desktop\TurtleTracks.net\test\source\LogoVoid.java"
            NewPath = "C:\Documents and Settings\George Birbilis\Desktop\TurtleTracks.net\test\source\TurtleTracks.net_Csharp.NET\LogoVoid.cs"
        />
        <File
            OldPath = "C:\Documents and Settings\George Birbilis\Desktop\TurtleTracks.net\test\source\LogoWord.java"
            NewPath = "C:\Documents and Settings\George Birbilis\Desktop\TurtleTracks.net\test\source\TurtleTracks.net_Csharp.NET\LogoWord.cs"
        >
            <Class Name = "turtletracks_net.jsharp.LogoWord" >
                <Section Name = "LogoWord(java.lang.String,java.lang.String)" >
                    <Issue
                        Type = "Runtime"
                        Number = "1042"
                        Severity = "2"
                    >Data types in Visual C# might be different.  Verify the accuracy of narrowing conversions.</Issue>
                </Section>
                <Section Name = "LogoWord(double)" >
                    <Issue
                        Type = "Runtime"
                        Number = "1042"
                        Severity = "2"
                    >Data types in Visual C# might be different.  Verify the accuracy of narrowing conversions.</Issue>
                </Section>
                <Section Name = "equals(java.lang.Object)" >
                    <Issue
                        Type = "ToDo"
                        Number = "1043"
                        Severity = "2"
                    >The equivalent in .NET for method 'java.lang.Object.toString' may return a different value.</Issue>
                </Section>
                <Section Name = "toInteger()" >
                    <Issue
                        Type = "Runtime"
                        Number = "1042"
                        Severity = "2"
                    >Data types in Visual C# might be different.  Verify the accuracy of narrowing conversions.</Issue>
                </Section>
            </Class>
        </File>
        <File
            OldPath = "C:\Documents and Settings\George Birbilis\Desktop\TurtleTracks.net\test\source\Machine.java"
            NewPath = "C:\Documents and Settings\George Birbilis\Desktop\TurtleTracks.net\test\source\TurtleTracks.net_Csharp.NET\Machine.cs"
        >
            <Class Name = "turtletracks_net.jsharp.Machine" >
                <Section Name = "Machine(turtletracks_net.jsharp.Console,turtletracks_net.jsharp.PrimitiveGroup[])" >
                    <Issue
                        Type = "ToDo"
                        Number = "1092"
                        Severity = "2"
                    >The differences in the expected value  of parameters for constructor 'java.util.Random.Random'  may cause compilation errors. </Issue>
                </Section>
                <Section Name = "loadPrimitives(java.lang.String)" >
                    <Issue
                        Type = "ToDo"
                        Number = "1043"
                        Severity = "2"
                    >The equivalent in .NET for method 'java.lang.Class.getName' may return a different value.</Issue>
                    <Issue
                        Type = "ToDo"
                        Number = "1092"
                        Severity = "2"
                    >The differences in the format  of parameters for method 'java.lang.Class.forName'  may cause compilation errors. </Issue>
                    <Issue
                        Type = "ToDo"
                        Number = "1073"
                        LinkKeywordParam = "_javalangClassnewInstance"
                        Severity = "2"
                    >Method 'java.lang.Class.newInstance' was converted to 'System.Activator.CreateInstance' which has a different behavior.</Issue>
                </Section>
                <Section Name = "loadPrimitives(turtletracks_net.jsharp.PrimitiveGroup)" >
                    <Issue
                        Type = "ToDo"
                        Number = "1043"
                        Severity = "2"
                    >The equivalent in .NET for method 'java.lang.Class.getName' may return a different value.</Issue>
                </Section>
                <Section Name = "unloadPrimitives(java.lang.String)" >
                    <Issue
                        Type = "ToDo"
                        Number = "1043"
                        Severity = "2"
                    >The equivalent in .NET for method 'java.lang.Class.getName' may return a different value.</Issue>
                </Section>
                <Section Name = "getPrimitiveGroup(java.lang.String)" >
                    <Issue
                        Type = "ToDo"
                        Number = "1043"
                        Severity = "2"
                    >The equivalent in .NET for method 'java.lang.Class.getName' may return a different value.</Issue>
                </Section>
                <Section Name = "terminateAllThreads()" >
                    <Issue
                        Type = "ToDo"
                        Number = "1073"
                        LinkKeywordParam = "_javautilEnumerationhasMoreElements"
                        Severity = "2"
                    >Method 'java.util.Enumeration.hasMoreElements' was converted to 'System.Collections.IEnumerator.MoveNext' which has a different behavior.</Issue>
                    <Issue
                        Type = "ToDo"
                        Number = "1073"
                        LinkKeywordParam = "_javautilEnumerationnextElement"
                        Severity = "2"
                    >Method 'java.util.Enumeration.nextElement' was converted to 'System.Collections.IEnumerator.Current' which has a different behavior.</Issue>
                </Section>
                <Section Name = "randomize(long)" >
                    <Issue
                        Type = "ToDo"
                        Number = "1092"
                        Severity = "2"
                    >The differences in the expected value  of parameters for method 'java.util.Random.setSeed'  may cause compilation errors. </Issue>
                </Section>
                <Section Name = "getProcList()" >
                    <Issue
                        Type = "ToDo"
                        Number = "1073"
                        LinkKeywordParam = "_javautilEnumerationhasMoreElements"
                        Severity = "2"
                    >Method 'java.util.Enumeration.hasMoreElements' was converted to 'System.Collections.IEnumerator.MoveNext' which has a different behavior.</Issue>
                    <Issue
                        Type = "ToDo"
                        Number = "1073"
                        LinkKeywordParam = "_javautilEnumerationnextElement"
                        Severity = "2"
                    >Method 'java.util.Enumeration.nextElement' was converted to 'System.Collections.IEnumerator.Current' which has a different behavior.</Issue>
                </Section>
                <Section Name = "getProp(turtletracks_net.jsharp.CaselessString,turtletracks_net.jsharp.CaselessString)" >
                    <Issue
                        Type = "Compile"
                        Number = "1000"
                        LinkKeywordParam = "_javalangSystem"
                        Severity = "1"
                    >Method 'java.lang.System.getProperty' was not converted.</Issue>
                    <Issue
                        Type = "ToDo"
                        Number = "1073"
                        LinkKeywordParam = "_javalangSystemgetProperty_javalangString"
                        Severity = "2"
                    >Method 'java.lang.System.getProperty' was converted to 'System.Environment.GetEnvironmentVariable' which has a different behavior.</Issue>
                    <Issue
                        Type = "ToDo"
                        Number = "1073"
                        LinkKeywordParam = "_javalangSystemgetProperty_javalangString"
                        Severity = "2"
                    >Method 'java.lang.System.getProperty' was converted to 'System.Environment.GetEnvironmentVariable' which has a different behavior.</Issue>
                </Section>
                <Section Name = "getPLists()" >
                    <Issue
                        Type = "ToDo"
                        Number = "1073"
                        LinkKeywordParam = "_javautilEnumerationhasMoreElements"
                        Severity = "2"
                    >Method 'java.util.Enumeration.hasMoreElements' was converted to 'System.Collections.IEnumerator.MoveNext' which has a different behavior.</Issue>
                    <Issue
                        Type = "ToDo"
                        Number = "1073"
                        LinkKeywordParam = "_javautilEnumerationnextElement"
                        Severity = "2"
                    >Method 'java.util.Enumeration.nextElement' was converted to 'System.Collections.IEnumerator.Current' which has a different behavior.</Issue>
                </Section>
                <Section Name = "getPropsInList(turtletracks_net.jsharp.CaselessString)" >
                    <Issue
                        Type = "ToDo"
                        Number = "1073"
                        LinkKeywordParam = "_javautilEnumerationhasMoreElements"
                        Severity = "2"
                    >Method 'java.util.Enumeration.hasMoreElements' was converted to 'System.Collections.IEnumerator.MoveNext' which has a different behavior.</Issue>
                    <Issue
                        Type = "ToDo"
                        Number = "1073"
                        LinkKeywordParam = "_javautilEnumerationnextElement"
                        Severity = "2"
                    >Method 'java.util.Enumeration.nextElement' was converted to 'System.Collections.IEnumerator.Current' which has a different behavior.</Issue>
                </Section>
                <Section Name = "getPropsForExec(turtletracks_net.jsharp.CaselessString)" >
                    <Issue
                        Type = "ToDo"
                        Number = "1073"
                        LinkKeywordParam = "_javautilEnumerationhasMoreElements"
                        Severity = "2"
                    >Method 'java.util.Enumeration.hasMoreElements' was converted to 'System.Collections.IEnumerator.MoveNext' which has a different behavior.</Issue>
                    <Issue
                        Type = "ToDo"
                        Number = "1073"
                        LinkKeywordParam = "_javautilEnumerationnextElement"
                        Severity = "2"
                    >Method 'java.util.Enumeration.nextElement' was converted to 'System.Collections.IEnumerator.Current' which has a different behavior.</Issue>
                </Section>
                <Section Name = "closeAllIO()" >
                    <Issue
                        Type = "ToDo"
                        Number = "1073"
                        LinkKeywordParam = "_javautilEnumerationhasMoreElements"
                        Severity = "2"
                    >Method 'java.util.Enumeration.hasMoreElements' was converted to 'System.Collections.IEnumerator.MoveNext' which has a different behavior.</Issue>
                    <Issue
                        Type = "ToDo"
                        Number = "1073"
                        LinkKeywordParam = "_javautilEnumerationnextElement"
                        Severity = "2"
                    >Method 'java.util.Enumeration.nextElement' was converted to 'System.Collections.IEnumerator.Current' which has a different behavior.</Issue>
                </Section>
                <Section Name = "getFileidList()" >
                    <Issue
                        Type = "ToDo"
                        Number = "1073"
                        LinkKeywordParam = "_javautilEnumerationhasMoreElements"
                        Severity = "2"
                    >Method 'java.util.Enumeration.hasMoreElements' was converted to 'System.Collections.IEnumerator.MoveNext' which has a different behavior.</Issue>
                    <Issue
                        Type = "ToDo"
                        Number = "1073"
                        LinkKeywordParam = "_javautilEnumerationnextElement"
                        Severity = "2"
                    >Method 'java.util.Enumeration.nextElement' was converted to 'System.Collections.IEnumerator.Current' which has a different behavior.</Issue>
                </Section>
                <Section Name = "executeStream(turtletracks_net.jsharp.IOBase,turtletracks_net.jsharp.InterpreterThread)" >
                    <Issue
                        Type = "ToDo"
                        Number = "1043"
                        Severity = "2"
                    >The equivalent in .NET for method 'java.lang.Throwable.toString' may return a different value.</Issue>
                </Section>
                <Section Name = "printout(turtletracks_net.jsharp.IOBase,turtletracks_net.jsharp.LogoObject,turtletracks_net.jsharp.LogoObject,turtletracks_net.jsharp.LogoObject)" >
                    <Issue
                        Type = "ToDo"
                        Number = "1073"
                        LinkKeywordParam = "_javautilEnumerationhasMoreElements"
                        Severity = "2"
                    >Method 'java.util.Enumeration.hasMoreElements' was converted to 'System.Collections.IEnumerator.MoveNext' which has a different behavior.</Issue>
                    <Issue
                        Type = "ToDo"
                        Number = "1073"
                        LinkKeywordParam = "_javautilEnumerationnextElement"
                        Severity = "2"
                    >Method 'java.util.Enumeration.nextElement' was converted to 'System.Collections.IEnumerator.Current' which has a different behavior.</Issue>
                    <Issue
                        Type = "ToDo"
                        Number = "1073"
                        LinkKeywordParam = "_javautilEnumerationhasMoreElements"
                        Severity = "2"
                    >Method 'java.util.Enumeration.hasMoreElements' was converted to 'System.Collections.IEnumerator.MoveNext' which has a different behavior.</Issue>
                    <Issue
                        Type = "ToDo"
                        Number = "1073"
                        LinkKeywordParam = "_javautilEnumerationhasMoreElements"
                        Severity = "2"
                    >Method 'java.util.Enumeration.hasMoreElements' was converted to 'System.Collections.IEnumerator.MoveNext' which has a different behavior.</Issue>
                    <Issue
                        Type = "ToDo"
                        Number = "1073"
                        LinkKeywordParam = "_javautilEnumerationnextElement"
                        Severity = "2"
                    >Method 'java.util.Enumeration.nextElement' was converted to 'System.Collections.IEnumerator.Current' which has a different behavior.</Issue>
                    <Issue
                        Type = "ToDo"
                        Number = "1073"
                        LinkKeywordParam = "_javautilEnumerationnextElement"
                        Severity = "2"
                    >Method 'java.util.Enumeration.nextElement' was converted to 'System.Collections.IEnumerator.Current' which has a different behavior.</Issue>
                    <Issue
                        Type = "ToDo"
                        Number = "1073"
                        LinkKeywordParam = "_javautilEnumerationhasMoreElements"
                        Severity = "2"
                    >Method 'java.util.Enumeration.hasMoreElements' was converted to 'System.Collections.IEnumerator.MoveNext' which has a different behavior.</Issue>
                    <Issue
                        Type = "ToDo"
                        Number = "1073"
                        LinkKeywordParam = "_javautilEnumerationnextElement"
                        Severity = "2"
                    >Method 'java.util.Enumeration.nextElement' was converted to 'System.Collections.IEnumerator.Current' which has a different behavior.</Issue>
                </Section>
            </Class>
        </File>
        <File
            OldPath = "C:\Documents and Settings\George Birbilis\Desktop\TurtleTracks.net\test\source\ParseObject.java"
            NewPath = "C:\Documents and Settings\George Birbilis\Desktop\TurtleTracks.net\test\source\TurtleTracks.net_Csharp.NET\ParseObject.cs"
        />
        <File
            OldPath = "C:\Documents and Settings\George Birbilis\Desktop\TurtleTracks.net\test\source\ParsePrimitive.java"
            NewPath = "C:\Documents and Settings\George Birbilis\Desktop\TurtleTracks.net\test\source\TurtleTracks.net_Csharp.NET\ParsePrimitive.cs"
        >
            <Class Name = "turtletracks_net.jsharp.ParsePrimitive" >
                <Section Name = "evaluate(turtletracks_net.jsharp.InterpEnviron)" >
                    <Issue
                        Type = "ToDo"
                        Number = "1043"
                        Severity = "2"
                    >The equivalent in .NET for method 'java.lang.Throwable.toString' may return a different value.</Issue>
                    <Issue
                        Type = "ToDo"
                        Number = "1043"
                        Severity = "2"
                    >The equivalent in .NET for method 'java.lang.Throwable.getMessage' may return a different value.</Issue>
                    <Issue
                        Type = "ToDo"
                        Number = "1043"
                        Severity = "2"
                    >The equivalent in .NET for method 'java.lang.Throwable.toString' may return a different value.</Issue>
                    <Issue
                        Type = "ToDo"
                        Number = "1043"
                        Severity = "2"
                    >The equivalent in .NET for method 'java.lang.Throwable.toString' may return a different value.</Issue>
                </Section>
            </Class>
        </File>
        <File
            OldPath = "C:\Documents and Settings\George Birbilis\Desktop\TurtleTracks.net\test\source\ParseProcedure.java"
            NewPath = "C:\Documents and Settings\George Birbilis\Desktop\TurtleTracks.net\test\source\TurtleTracks.net_Csharp.NET\ParseProcedure.cs"
        >
            <Class Name = "turtletracks_net.jsharp.ParseProcedure" >
                <Section Name = "evaluate(turtletracks_net.jsharp.InterpEnviron)" >
                    <Issue
                        Type = "ToDo"
                        Number = "1043"
                        Severity = "2"
                    >The equivalent in .NET for method 'java.lang.Throwable.getMessage' may return a different value.</Issue>
                    <Issue
                        Type = "ToDo"
                        Number = "1043"
                        Severity = "2"
                    >The equivalent in .NET for method 'java.lang.Object.toString' may return a different value.</Issue>
                </Section>
            </Class>
        </File>
        <File
            OldPath = "C:\Documents and Settings\George Birbilis\Desktop\TurtleTracks.net\test\source\Parser.java"
            NewPath = "C:\Documents and Settings\George Birbilis\Desktop\TurtleTracks.net\test\source\TurtleTracks.net_Csharp.NET\Parser.cs"
        />
        <File
            OldPath = "C:\Documents and Settings\George Birbilis\Desktop\TurtleTracks.net\test\source\ParseSpecial.java"
            NewPath = "C:\Documents and Settings\George Birbilis\Desktop\TurtleTracks.net\test\source\TurtleTracks.net_Csharp.NET\ParseSpecial.cs"
        >
            <Class Name = "turtletracks_net.jsharp.ParseSpecial" >
                <Section Name = "pTO(turtletracks_net.jsharp.InterpEnviron,boolean)" >
                    <Issue
                        Type = "ToDo"
                        Number = "1043"
                        Severity = "2"
                    >The equivalent in .NET for method 'java.lang.Object.toString' may return a different value.</Issue>
                    <Issue
                        Type = "ToDo"
                        Number = "1043"
                        Severity = "2"
                    >The equivalent in .NET for method 'java.lang.Object.toString' may return a different value.</Issue>
                </Section>
            </Class>
        </File>
        <File
            OldPath = "C:\Documents and Settings\George Birbilis\Desktop\TurtleTracks.net\test\source\ParseTree.java"
            NewPath = "C:\Documents and Settings\George Birbilis\Desktop\TurtleTracks.net\test\source\TurtleTracks.net_Csharp.NET\ParseTree.cs"
        >
            <Class Name = "turtletracks_net.jsharp.ParseTree" >
                <Section Name = "execute(turtletracks_net.jsharp.InterpEnviron)" >
                    <Issue
                        Type = "ToDo"
                        Number = "1043"
                        Severity = "2"
                    >The equivalent in .NET for method 'java.lang.Object.toString' may return a different value.</Issue>
                </Section>
            </Class>
        </File>
        <File
            OldPath = "C:\Documents and Settings\George Birbilis\Desktop\TurtleTracks.net\test\source\PrimitiveGroup.java"
            NewPath = "C:\Documents and Settings\George Birbilis\Desktop\TurtleTracks.net\test\source\TurtleTracks.net_Csharp.NET\PrimitiveGroup.cs"
        >
            <Class Name = "turtletracks_net.jsharp.PrimitiveGroup" >
                <Section Name = "registerPrimitive(java.lang.String,java.lang.String,int)" >
                    <Issue
                        Type = "ToDo"
                        Number = "1073"
                        LinkKeywordParam = "_javalangClassgetDeclaredMethod_javalangString_javalangClass[]"
                        Severity = "2"
                    >Method 'java.lang.Class.getDeclaredMethod' was converted to 'System.Type.GetMethod' which has a different behavior.</Issue>
                    <Issue
                        Type = "Runtime"
                        Number = "1101"
                        Severity = "2"
                    >Method 'java.lang.Class.getDeclaredMethod' was converted to 'System.Type.GetMethod' which may throw an exception.</Issue>
                </Section>
                <Section Name = "applyAnonymous(turtletracks_net.jsharp.InterpEnviron,turtletracks_net.jsharp.LogoList,turtletracks_net.jsharp.LogoList,boolean)" >
                    <Issue
                        Type = "ToDo"
                        Number = "1043"
                        Severity = "2"
                    >The equivalent in .NET for method 'java.lang.Object.toString' may return a different value.</Issue>
                </Section>
            </Class>
        </File>
        <File
            OldPath = "C:\Documents and Settings\George Birbilis\Desktop\TurtleTracks.net\test\source\PrimitiveSpec.java"
            NewPath = "C:\Documents and Settings\George Birbilis\Desktop\TurtleTracks.net\test\source\TurtleTracks.net_Csharp.NET\PrimitiveSpec.cs"
        />
        <File
            OldPath = "C:\Documents and Settings\George Birbilis\Desktop\TurtleTracks.net\test\source\Procedure.java"
            NewPath = "C:\Documents and Settings\George Birbilis\Desktop\TurtleTracks.net\test\source\TurtleTracks.net_Csharp.NET\Procedure.cs"
        >
            <Class Name = "turtletracks_net.jsharp.Procedure" >
                <Section Name = "checkParamNames(turtletracks_net.jsharp.LogoList)" >
                    <Issue
                        Type = "ToDo"
                        Number = "1043"
                        Severity = "2"
                    >The equivalent in .NET for method 'java.lang.Object.toString' may return a different value.</Issue>
                </Section>
            </Class>
        </File>
        <File
            OldPath = "C:\Documents and Settings\George Birbilis\Desktop\TurtleTracks.net\test\source\SetupException.java"
            NewPath = "C:\Documents and Settings\George Birbilis\Desktop\TurtleTracks.net\test\source\TurtleTracks.net_Csharp.NET\SetupException.cs"
        />
        <File
            OldPath = "C:\Documents and Settings\George Birbilis\Desktop\TurtleTracks.net\test\source\SymbolTable.java"
            NewPath = "C:\Documents and Settings\George Birbilis\Desktop\TurtleTracks.net\test\source\TurtleTracks.net_Csharp.NET\SymbolTable.cs"
        >
            <Class Name = "turtletracks_net.jsharp.SymbolTable" >
                <Section Name = "getNames()" >
                    <Issue
                        Type = "ToDo"
                        Number = "1073"
                        LinkKeywordParam = "_javautilEnumerationhasMoreElements"
                        Severity = "2"
                    >Method 'java.util.Enumeration.hasMoreElements' was converted to 'System.Collections.IEnumerator.MoveNext' which has a different behavior.</Issue>
                    <Issue
                        Type = "ToDo"
                        Number = "1073"
                        LinkKeywordParam = "_javautilEnumerationnextElement"
                        Severity = "2"
                    >Method 'java.util.Enumeration.nextElement' was converted to 'System.Collections.IEnumerator.Current' which has a different behavior.</Issue>
                </Section>
            </Class>
        </File>
        <File
            OldPath = "C:\Documents and Settings\George Birbilis\Desktop\TurtleTracks.net\test\source\ThrowException.java"
            NewPath = "C:\Documents and Settings\George Birbilis\Desktop\TurtleTracks.net\test\source\TurtleTracks.net_Csharp.NET\ThrowException.cs"
        >
            <Class Name = "turtletracks_net.jsharp.ThrowException" >
                <Section Name = "getTag()" >
                    <Issue
                        Type = "ToDo"
                        Number = "1043"
                        Severity = "2"
                    >The equivalent in .NET for method 'java.lang.Throwable.getMessage' may return a different value.</Issue>
                </Section>
                <Section Name = "toString()" >
                    <Issue
                        Type = "ToDo"
                        Number = "1043"
                        Severity = "2"
                    >The equivalent in .NET for method 'java.lang.Throwable.getMessage' may return a different value.</Issue>
                    <Issue
                        Type = "ToDo"
                        Number = "1043"
                        Severity = "2"
                    >The equivalent in .NET for method 'java.lang.Object.toString' may return a different value.</Issue>
                </Section>
            </Class>
        </File>
        <File
            OldPath = "C:\Documents and Settings\George Birbilis\Desktop\TurtleTracks.net\test\source\Tokenizer.java"
            NewPath = "C:\Documents and Settings\George Birbilis\Desktop\TurtleTracks.net\test\source\TurtleTracks.net_Csharp.NET\Tokenizer.cs"
        >
            <Class Name = "turtletracks_net.jsharp.Tokenizer" >
                <Section Name = "tokenizeRunnable(turtletracks_net.jsharp.LogoList)" >
                    <Issue
                        Type = "ToDo"
                        Number = "1043"
                        Severity = "2"
                    >The equivalent in .NET for method 'java.lang.Object.toString' may return a different value.</Issue>
                </Section>
            </Class>
        </File>
        <Issue
            Type = "Global Warning"
            Number = "1133"
            Severity = "2"
        >The equivalent of java.lang.Object.equals in Visual C# can return a different value if the two comparison methods differ.</Issue>
        <Issue
            Type = "Global Warning"
            Number = "1274"
            Severity = "2"
        >Interaction between members of a class may differ because their execution sequence is different. </Issue>
        <Issue
            Type = "Global Warning"
            Number = "1225"
            Severity = "2"
        >Type castings between primitive types may have different behavior.</Issue>
        <Issue
            Type = "Global Warning"
            Number = "1297"
            Severity = "2"
        >Enumerations should be started first before accessing their data by calling their MoveNext method.</Issue>
    </Root>
</ConversionLog>

