<ConversionLog>
    <Settings>
        <Setting
            Name = "LogFile"
            Value = "TurtleTracks.net_Csharp_Core.xml"
        />
        <Setting
            Name = "ProjectName"
            Value = "TurtleTracks"
        />
        <Setting
            Name = "OutputDir"
            Value = "C:\Documents and Settings\George Birbilis\Desktop\TurtleTracks.net\TurtleTracks.net_Csharp\TurtleTracks.net_Csharp_Core.NET"
        />
        <Setting
            Name = "ProjectPath"
            Value = "C:\Documents and Settings\George Birbilis\Desktop\TurtleTracks.net\TurtleTracks.net_Csharp\test\source"
        />
    </Settings>
    <File
        OldPath = "C:\Documents and Settings\George Birbilis\Desktop\TurtleTracks.net\TurtleTracks.net_Csharp\test\source\CaselessString.java"
        NewPath = "C:\Documents and Settings\George Birbilis\Desktop\TurtleTracks.net\TurtleTracks.net_Csharp\TurtleTracks.net_Csharp_Core.NET\CaselessString.cs"
    >
        <Class Name = "turtletracks_net.jsharp.CaselessString" >
            <Section Name = "equals(java.lang.Object)" >
                <Issue
                    Type = "ToDo"
                    Number = "1043"
                    Severity = "2"
                >The equivalent in .NET for method 'java.Object.toString' may return a different value.</Issue>
            </Section>
            <Section Name = "compareTo(java.lang.Object)" >
                <Issue
                    Type = "ToDo"
                    Number = "1043"
                    Severity = "2"
                >The equivalent in .NET for method 'java.Object.toString' may return a different value.</Issue>
            </Section>
        </Class>
        <Issue
            Type = "ToDo"
            Number = "1143"
            Severity = "3"
        >The equivalent of method 'java.lang.Object.clone' is not an override method.</Issue>
    </File>
    <File
        OldPath = "C:\Documents and Settings\George Birbilis\Desktop\TurtleTracks.net\TurtleTracks.net_Csharp\test\source\Console.java"
        NewPath = "C:\Documents and Settings\George Birbilis\Desktop\TurtleTracks.net\TurtleTracks.net_Csharp\TurtleTracks.net_Csharp_Core.NET\Console.cs"
    >
        <Issue
            Type = "ToDo"
            Number = "1143"
            Severity = "3"
        >The equivalent of method 'java.lang.Runnable.run' is not an override method.</Issue>
    </File>
    <File
        OldPath = "C:\Documents and Settings\George Birbilis\Desktop\TurtleTracks.net\TurtleTracks.net_Csharp\test\source\InterpEnviron.java"
        NewPath = "C:\Documents and Settings\George Birbilis\Desktop\TurtleTracks.net\TurtleTracks.net_Csharp\TurtleTracks.net_Csharp_Core.NET\InterpEnviron.cs"
    />
    <File
        OldPath = "C:\Documents and Settings\George Birbilis\Desktop\TurtleTracks.net\TurtleTracks.net_Csharp\test\source\InterpreterThread.java"
        NewPath = "C:\Documents and Settings\George Birbilis\Desktop\TurtleTracks.net\TurtleTracks.net_Csharp\TurtleTracks.net_Csharp_Core.NET\InterpreterThread.cs"
    >
        <Class Name = "turtletracks_net.jsharp.InterpreterThread" >
            <Section Name = "run()" >
                <Issue
                    Type = "ToDo"
                    Number = "1043"
                    Severity = "2"
                >The equivalent in .NET for method 'java.Object.toString' may return a different value.</Issue>
                <Issue
                    Type = "ToDo"
                    Number = "1043"
                    Severity = "2"
                >The equivalent in .NET for method 'java.lang.Throwable.toString' may return a different value.</Issue>
            </Section>
        </Class>
        <Issue
            Type = "ToDo"
            Number = "1143"
            Severity = "3"
        >The equivalent of method 'java.lang.Thread.run' is not an override method.</Issue>
    </File>
    <File
        OldPath = "C:\Documents and Settings\George Birbilis\Desktop\TurtleTracks.net\TurtleTracks.net_Csharp\test\source\IOBase.java"
        NewPath = "C:\Documents and Settings\George Birbilis\Desktop\TurtleTracks.net\TurtleTracks.net_Csharp\TurtleTracks.net_Csharp_Core.NET\IOBase.cs"
    />
    <File
        OldPath = "C:\Documents and Settings\George Birbilis\Desktop\TurtleTracks.net\TurtleTracks.net_Csharp\test\source\IORandom.java"
        NewPath = "C:\Documents and Settings\George Birbilis\Desktop\TurtleTracks.net\TurtleTracks.net_Csharp\TurtleTracks.net_Csharp_Core.NET\IORandom.cs"
    />
    <File
        OldPath = "C:\Documents and Settings\George Birbilis\Desktop\TurtleTracks.net\TurtleTracks.net_Csharp\test\source\IORandomFile.java"
        NewPath = "C:\Documents and Settings\George Birbilis\Desktop\TurtleTracks.net\TurtleTracks.net_Csharp\TurtleTracks.net_Csharp_Core.NET\IORandomFile.cs"
    >
        <Class Name = "turtletracks_net.jsharp.IORandomFile" >
            <Section Name = "IORandomFile(java.io.File)" >
                <Issue
                    Type = "ToDo"
                    Number = "1043"
                    Severity = "2"
                >The equivalent in .NET for method 'java.lang.Throwable.getMessage' may return a different value.</Issue>
                <Issue
                    Type = "ToDo"
                    Number = "1043"
                    Severity = "2"
                >The equivalent in .NET for method 'java.lang.Throwable.toString' may return a different value.</Issue>
            </Section>
            <Section Name = "eof()" >
                <Issue
                    Type = "ToDo"
                    Number = "1043"
                    Severity = "2"
                >The equivalent in .NET for method 'java.lang.Throwable.toString' may return a different value.</Issue>
            </Section>
            <Section Name = "getLine()" >
                <Issue
                    Type = "Compile"
                    Number = "1000"
                    LinkKeywordParam = "_javaioRandomAccessFilereadLine"
                    Severity = "1"
                >Method 'java.io.RandomAccessFile.readLine' was not converted.</Issue>
                <Issue
                    Type = "ToDo"
                    Number = "1043"
                    Severity = "2"
                >The equivalent in .NET for method 'java.lang.Throwable.toString' may return a different value.</Issue>
            </Section>
            <Section Name = "getAvailable(char[])" >
                <Issue
                    Type = "ToDo"
                    Number = "1043"
                    Severity = "2"
                >The equivalent in .NET for method 'java.lang.Throwable.toString' may return a different value.</Issue>
            </Section>
            <Section Name = "getChar()" >
                <Issue
                    Type = "ToDo"
                    Number = "1043"
                    Severity = "2"
                >The equivalent in .NET for method 'java.lang.Throwable.toString' may return a different value.</Issue>
            </Section>
            <Section Name = "charAvail()" >
                <Issue
                    Type = "ToDo"
                    Number = "1043"
                    Severity = "2"
                >The equivalent in .NET for method 'java.lang.Throwable.toString' may return a different value.</Issue>
            </Section>
            <Section Name = "put(java.lang.String)" >
                <Issue
                    Type = "ToDo"
                    Number = "1043"
                    Severity = "2"
                >The equivalent in .NET for method 'java.lang.Throwable.toString' may return a different value.</Issue>
            </Section>
            <Section Name = "putLine(java.lang.String)" >
                <Issue
                    Type = "ToDo"
                    Number = "1043"
                    Severity = "2"
                >The equivalent in .NET for method 'java.lang.Throwable.toString' may return a different value.</Issue>
            </Section>
            <Section Name = "put(char)" >
                <Issue
                    Type = "ToDo"
                    Number = "1043"
                    Severity = "2"
                >The equivalent in .NET for method 'java.lang.Throwable.toString' may return a different value.</Issue>
            </Section>
            <Section Name = "put(char[],int)" >
                <Issue
                    Type = "ToDo"
                    Number = "1043"
                    Severity = "2"
                >The equivalent in .NET for method 'java.lang.Throwable.toString' may return a different value.</Issue>
            </Section>
            <Section Name = "seek(long)" >
                <Issue
                    Type = "ToDo"
                    Number = "1043"
                    Severity = "2"
                >The equivalent in .NET for method 'java.lang.Throwable.toString' may return a different value.</Issue>
            </Section>
            <Section Name = "tell()" >
                <Issue
                    Type = "ToDo"
                    Number = "1043"
                    Severity = "2"
                >The equivalent in .NET for method 'java.lang.Throwable.toString' may return a different value.</Issue>
            </Section>
            <Section Name = "length()" >
                <Issue
                    Type = "ToDo"
                    Number = "1043"
                    Severity = "2"
                >The equivalent in .NET for method 'java.lang.Throwable.toString' may return a different value.</Issue>
            </Section>
        </Class>
    </File>
    <File
        OldPath = "C:\Documents and Settings\George Birbilis\Desktop\TurtleTracks.net\TurtleTracks.net_Csharp\test\source\IOReadFile.java"
        NewPath = "C:\Documents and Settings\George Birbilis\Desktop\TurtleTracks.net\TurtleTracks.net_Csharp\TurtleTracks.net_Csharp_Core.NET\IOReadFile.cs"
    >
        <Class Name = "turtletracks_net.jsharp.IOReadFile" >
            <Section Name = "IOReadFile(java.io.File)" >
                <Issue
                    Type = "ToDo"
                    Number = "1092"
                    Severity = "2"
                >Expected value of parameters of constructor 'java.io.BufferedReader.BufferedReader' are different in the equivalent in .NET.</Issue>
                <Issue
                    Type = "ToDo"
                    Number = "1043"
                    Severity = "2"
                >The equivalent in .NET for method 'java.lang.Throwable.getMessage' may return a different value.</Issue>
                <Issue
                    Type = "ToDo"
                    Number = "1043"
                    Severity = "2"
                >The equivalent in .NET for method 'java.lang.Throwable.toString' may return a different value.</Issue>
            </Section>
        </Class>
    </File>
    <File
        OldPath = "C:\Documents and Settings\George Birbilis\Desktop\TurtleTracks.net\TurtleTracks.net_Csharp\test\source\IOSocket.java"
        NewPath = "C:\Documents and Settings\George Birbilis\Desktop\TurtleTracks.net\TurtleTracks.net_Csharp\TurtleTracks.net_Csharp_Core.NET\IOSocket.cs"
    >
        <Class Name = "turtletracks_net.jsharp.IOSocket" >
            <Section Name = "IOSocket(java.lang.String,int)" >
                <Issue
                    Type = "Compile"
                    Number = "1000"
                    LinkKeywordParam = "_javanetSocketgetLocalPort"
                    Severity = "1"
                >Method 'java.net.Socket.getLocalPort' was not converted.</Issue>
                <Issue
                    Type = "Compile"
                    Number = "1000"
                    LinkKeywordParam = "_javanetSocketgetPort"
                    Severity = "1"
                >Method 'java.net.Socket.getPort' was not converted.</Issue>
                <Issue
                    Type = "ToDo"
                    Number = "1092"
                    Severity = "2"
                >Expected value of parameters of constructor 'java.io.BufferedReader.BufferedReader' are different in the equivalent in .NET.</Issue>
                <Issue
                    Type = "Compile"
                    Number = "1000"
                    LinkKeywordParam = "_javaioBufferedWriterBufferedWriter_javaioWriter"
                    Severity = "1"
                >Constructor 'java.io.BufferedWriter.BufferedWriter' was not converted.</Issue>
                <Issue
                    Type = "ToDo"
                    Number = "1043"
                    Severity = "2"
                >The equivalent in .NET for method 'java.lang.Throwable.getMessage' may return a different value.</Issue>
                <Issue
                    Type = "ToDo"
                    Number = "1043"
                    Severity = "2"
                >The equivalent in .NET for method 'java.lang.Throwable.toString' may return a different value.</Issue>
            </Section>
            <Section Name = "IOSocket(java.net.Socket)" >
                <Issue
                    Type = "Compile"
                    Number = "1000"
                    LinkKeywordParam = "_javanetSocketgetLocalPort"
                    Severity = "1"
                >Method 'java.net.Socket.getLocalPort' was not converted.</Issue>
                <Issue
                    Type = "Compile"
                    Number = "1000"
                    LinkKeywordParam = "_javanetSocketgetPort"
                    Severity = "1"
                >Method 'java.net.Socket.getPort' was not converted.</Issue>
                <Issue
                    Type = "ToDo"
                    Number = "1092"
                    Severity = "2"
                >Expected value of parameters of constructor 'java.io.BufferedReader.BufferedReader' are different in the equivalent in .NET.</Issue>
                <Issue
                    Type = "Compile"
                    Number = "1000"
                    LinkKeywordParam = "_javaioBufferedWriterBufferedWriter_javaioWriter"
                    Severity = "1"
                >Constructor 'java.io.BufferedWriter.BufferedWriter' was not converted.</Issue>
                <Issue
                    Type = "ToDo"
                    Number = "1043"
                    Severity = "2"
                >The equivalent in .NET for method 'java.lang.Throwable.getMessage' may return a different value.</Issue>
                <Issue
                    Type = "ToDo"
                    Number = "1043"
                    Severity = "2"
                >The equivalent in .NET for method 'java.lang.Throwable.toString' may return a different value.</Issue>
            </Section>
        </Class>
    </File>
    <File
        OldPath = "C:\Documents and Settings\George Birbilis\Desktop\TurtleTracks.net\TurtleTracks.net_Csharp\test\source\IOStream.java"
        NewPath = "C:\Documents and Settings\George Birbilis\Desktop\TurtleTracks.net\TurtleTracks.net_Csharp\TurtleTracks.net_Csharp_Core.NET\IOStream.cs"
    >
        <Class Name = "turtletracks_net.jsharp.IOStream" >
            <Section Name = "eof()" >
                <Issue
                    Type = "ToDo"
                    Number = "1043"
                    Severity = "2"
                >The equivalent in .NET for method 'java.Object.toString' may return a different value.</Issue>
                <Issue
                    Type = "Compile"
                    Number = "1000"
                    LinkKeywordParam = "_javaioBufferedReadermark_int"
                    Severity = "1"
                >Method 'java.io.BufferedReader.mark' was not converted.</Issue>
                <Issue
                    Type = "Compile"
                    Number = "1000"
                    LinkKeywordParam = "_javaioBufferedReaderreset"
                    Severity = "1"
                >Method 'java.io.BufferedReader.reset' was not converted.</Issue>
            </Section>
            <Section Name = "getLine()" >
                <Issue
                    Type = "ToDo"
                    Number = "1043"
                    Severity = "2"
                >The equivalent in .NET for method 'java.Object.toString' may return a different value.</Issue>
                <Issue
                    Type = "ToDo"
                    Number = "1043"
                    Severity = "2"
                >The equivalent in .NET for method 'java.lang.Throwable.toString' may return a different value.</Issue>
            </Section>
            <Section Name = "getAvailable(char[])" >
                <Issue
                    Type = "ToDo"
                    Number = "1043"
                    Severity = "2"
                >The equivalent in .NET for method 'java.Object.toString' may return a different value.</Issue>
                <Issue
                    Type = "ToDo"
                    Number = "1043"
                    Severity = "2"
                >The equivalent in .NET for method 'java.lang.Throwable.toString' may return a different value.</Issue>
            </Section>
            <Section Name = "getChar()" >
                <Issue
                    Type = "ToDo"
                    Number = "1043"
                    Severity = "2"
                >The equivalent in .NET for method 'java.Object.toString' may return a different value.</Issue>
                <Issue
                    Type = "ToDo"
                    Number = "1043"
                    Severity = "2"
                >The equivalent in .NET for method 'java.lang.Throwable.toString' may return a different value.</Issue>
            </Section>
            <Section Name = "charAvail()" >
                <Issue
                    Type = "ToDo"
                    Number = "1043"
                    Severity = "2"
                >The equivalent in .NET for method 'java.Object.toString' may return a different value.</Issue>
                <Issue
                    Type = "ToDo"
                    Number = "1043"
                    Severity = "2"
                >The equivalent in .NET for method 'java.lang.Throwable.toString' may return a different value.</Issue>
            </Section>
            <Section Name = "put(java.lang.String)" >
                <Issue
                    Type = "ToDo"
                    Number = "1043"
                    Severity = "2"
                >The equivalent in .NET for method 'java.Object.toString' may return a different value.</Issue>
                <Issue
                    Type = "ToDo"
                    Number = "1043"
                    Severity = "2"
                >The equivalent in .NET for method 'java.lang.Throwable.toString' may return a different value.</Issue>
            </Section>
            <Section Name = "putLine(java.lang.String)" >
                <Issue
                    Type = "ToDo"
                    Number = "1043"
                    Severity = "2"
                >The equivalent in .NET for method 'java.Object.toString' may return a different value.</Issue>
                <Issue
                    Type = "ToDo"
                    Number = "1043"
                    Severity = "2"
                >The equivalent in .NET for method 'java.lang.Throwable.toString' may return a different value.</Issue>
            </Section>
            <Section Name = "put(char)" >
                <Issue
                    Type = "ToDo"
                    Number = "1043"
                    Severity = "2"
                >The equivalent in .NET for method 'java.Object.toString' may return a different value.</Issue>
                <Issue
                    Type = "ToDo"
                    Number = "1043"
                    Severity = "2"
                >The equivalent in .NET for method 'java.lang.Throwable.toString' may return a different value.</Issue>
            </Section>
            <Section Name = "put(char[],int)" >
                <Issue
                    Type = "ToDo"
                    Number = "1043"
                    Severity = "2"
                >The equivalent in .NET for method 'java.Object.toString' may return a different value.</Issue>
                <Issue
                    Type = "ToDo"
                    Number = "1043"
                    Severity = "2"
                >The equivalent in .NET for method 'java.lang.Throwable.toString' may return a different value.</Issue>
            </Section>
            <Section Name = "flush()" >
                <Issue
                    Type = "ToDo"
                    Number = "1043"
                    Severity = "2"
                >The equivalent in .NET for method 'java.Object.toString' may return a different value.</Issue>
                <Issue
                    Type = "ToDo"
                    Number = "1043"
                    Severity = "2"
                >The equivalent in .NET for method 'java.lang.Throwable.toString' may return a different value.</Issue>
            </Section>
        </Class>
    </File>
    <File
        OldPath = "C:\Documents and Settings\George Birbilis\Desktop\TurtleTracks.net\TurtleTracks.net_Csharp\test\source\IOURL.java"
        NewPath = "C:\Documents and Settings\George Birbilis\Desktop\TurtleTracks.net\TurtleTracks.net_Csharp\TurtleTracks.net_Csharp_Core.NET\IOURL.cs"
    >
        <Class Name = "turtletracks_net.jsharp.IOURL" >
            <Section Name = "IOURL(java.lang.String)" >
                <Issue
                    Type = "ToDo"
                    Number = "1132"
                    Severity = "3"
                >Class 'java.net.URL' was converted to a 'System.Uri' which does not throw an exception if a URL specifies an unknown protocol.</Issue>
                <Issue
                    Type = "ToDo"
                    Number = "1092"
                    Severity = "2"
                >Expected value of parameters of constructor 'java.io.BufferedReader.BufferedReader' are different in the equivalent in .NET.</Issue>
                <Issue
                    Type = "ToDo"
                    Number = "1043"
                    Severity = "2"
                >The equivalent in .NET for method 'java.lang.Throwable.toString' may return a different value.</Issue>
            </Section>
        </Class>
    </File>
    <File
        OldPath = "C:\Documents and Settings\George Birbilis\Desktop\TurtleTracks.net\TurtleTracks.net_Csharp\test\source\IOWriteFile.java"
        NewPath = "C:\Documents and Settings\George Birbilis\Desktop\TurtleTracks.net\TurtleTracks.net_Csharp\TurtleTracks.net_Csharp_Core.NET\IOWriteFile.cs"
    >
        <Class Name = "turtletracks_net.jsharp.IOWriteFile" >
            <Section Name = "IOWriteFile(java.io.File)" >
                <Issue
                    Type = "Compile"
                    Number = "1000"
                    LinkKeywordParam = "_javaioBufferedWriterBufferedWriter_javaioWriter"
                    Severity = "1"
                >Constructor 'java.io.BufferedWriter.BufferedWriter' was not converted.</Issue>
                <Issue
                    Type = "ToDo"
                    Number = "1043"
                    Severity = "2"
                >The equivalent in .NET for method 'java.lang.Throwable.getMessage' may return a different value.</Issue>
                <Issue
                    Type = "ToDo"
                    Number = "1043"
                    Severity = "2"
                >The equivalent in .NET for method 'java.lang.Throwable.toString' may return a different value.</Issue>
            </Section>
        </Class>
    </File>
    <File
        OldPath = "C:\Documents and Settings\George Birbilis\Desktop\TurtleTracks.net\TurtleTracks.net_Csharp\test\source\LanguageException.java"
        NewPath = "C:\Documents and Settings\George Birbilis\Desktop\TurtleTracks.net\TurtleTracks.net_Csharp\TurtleTracks.net_Csharp_Core.NET\LanguageException.cs"
    >
        <Class Name = "turtletracks_net.jsharp.LanguageException" >
            <Section Name = "generateMessage()" >
                <Issue
                    Type = "ToDo"
                    Number = "1043"
                    Severity = "2"
                >The equivalent in .NET for method 'java.lang.Throwable.getMessage' may return a different value.</Issue>
                <Issue
                    Type = "ToDo"
                    Number = "1043"
                    Severity = "2"
                >The equivalent in .NET for method 'java.lang.Throwable.getMessage' may return a different value.</Issue>
                <Issue
                    Type = "ToDo"
                    Number = "1043"
                    Severity = "2"
                >The equivalent in .NET for method 'java.lang.Throwable.getMessage' may return a different value.</Issue>
                <Issue
                    Type = "ToDo"
                    Number = "1043"
                    Severity = "2"
                >The equivalent in .NET for method 'java.lang.Throwable.getMessage' may return a different value.</Issue>
            </Section>
        </Class>
    </File>
    <File
        OldPath = "C:\Documents and Settings\George Birbilis\Desktop\TurtleTracks.net\TurtleTracks.net_Csharp\test\source\LogoList.java"
        NewPath = "C:\Documents and Settings\George Birbilis\Desktop\TurtleTracks.net\TurtleTracks.net_Csharp\TurtleTracks.net_Csharp_Core.NET\LogoList.cs"
    >
        <Class Name = "turtletracks_net.jsharp.LogoList" >
            <Section Name = "toString()" >
                <Issue
                    Type = "ToDo"
                    Number = "1043"
                    Severity = "2"
                >The equivalent in .NET for method 'java.Object.toString' may return a different value.</Issue>
            </Section>
            <Section Name = "toStringOpen()" >
                <Issue
                    Type = "ToDo"
                    Number = "1043"
                    Severity = "2"
                >The equivalent in .NET for method 'java.Object.toString' may return a different value.</Issue>
            </Section>
        </Class>
        <Issue
            Type = "ToDo"
            Number = "1143"
            Severity = "3"
        >The equivalent of method 'java.lang.Object.clone' is not an override method.</Issue>
    </File>
    <File
        OldPath = "C:\Documents and Settings\George Birbilis\Desktop\TurtleTracks.net\TurtleTracks.net_Csharp\test\source\LogoObject.java"
        NewPath = "C:\Documents and Settings\George Birbilis\Desktop\TurtleTracks.net\TurtleTracks.net_Csharp\TurtleTracks.net_Csharp_Core.NET\LogoObject.cs"
    >
        <Class Name = "turtletracks_net.jsharp.LogoObject" >
            <Section Name = "toCaselessString()" >
                <Issue
                    Type = "ToDo"
                    Number = "1043"
                    Severity = "2"
                >The equivalent in .NET for method 'java.Object.toString' may return a different value.</Issue>
            </Section>
        </Class>
        <Issue
            Type = "ToDo"
            Number = "1143"
            Severity = "3"
        >The equivalent of method 'java.util.Enumeration.hasMoreElements' is not an override method.</Issue>
        <Issue
            Type = "ToDo"
            Number = "1143"
            Severity = "3"
        >The equivalent of method 'java.util.Enumeration.nextElement' is not an override method.</Issue>
    </File>
    <File
        OldPath = "C:\Documents and Settings\George Birbilis\Desktop\TurtleTracks.net\TurtleTracks.net_Csharp\test\source\LogoVoid.java"
        NewPath = "C:\Documents and Settings\George Birbilis\Desktop\TurtleTracks.net\TurtleTracks.net_Csharp\TurtleTracks.net_Csharp_Core.NET\LogoVoid.cs"
    >
        <Issue
            Type = "ToDo"
            Number = "1143"
            Severity = "3"
        >The equivalent of method 'java.lang.Object.clone' is not an override method.</Issue>
    </File>
    <File
        OldPath = "C:\Documents and Settings\George Birbilis\Desktop\TurtleTracks.net\TurtleTracks.net_Csharp\test\source\LogoWord.java"
        NewPath = "C:\Documents and Settings\George Birbilis\Desktop\TurtleTracks.net\TurtleTracks.net_Csharp\TurtleTracks.net_Csharp_Core.NET\LogoWord.cs"
    >
        <Class Name = "turtletracks_net.jsharp.LogoWord" >
            <Section Name = "LogoWord(java.lang.String,java.lang.String)" >
                <Issue
                    Type = "Runtime"
                    Number = "1042"
                    Severity = "3"
                >Narrowing conversions may produce unexpected results in C#.</Issue>
            </Section>
            <Section Name = "LogoWord(double)" >
                <Issue
                    Type = "Runtime"
                    Number = "1042"
                    Severity = "3"
                >Narrowing conversions may produce unexpected results in C#.</Issue>
            </Section>
            <Section Name = "equals(java.lang.Object)" >
                <Issue
                    Type = "ToDo"
                    Number = "1043"
                    Severity = "2"
                >The equivalent in .NET for method 'java.Object.toString' may return a different value.</Issue>
            </Section>
            <Section Name = "toInteger()" >
                <Issue
                    Type = "Runtime"
                    Number = "1042"
                    Severity = "3"
                >Narrowing conversions may produce unexpected results in C#.</Issue>
            </Section>
        </Class>
        <Issue
            Type = "ToDo"
            Number = "1143"
            Severity = "3"
        >The equivalent of method 'java.lang.Object.clone' is not an override method.</Issue>
    </File>
    <File
        OldPath = "C:\Documents and Settings\George Birbilis\Desktop\TurtleTracks.net\TurtleTracks.net_Csharp\test\source\Machine.java"
        NewPath = "C:\Documents and Settings\George Birbilis\Desktop\TurtleTracks.net\TurtleTracks.net_Csharp\TurtleTracks.net_Csharp_Core.NET\Machine.cs"
    >
        <Class Name = "turtletracks_net.jsharp.Machine" >
            <Section Name = "Machine(turtletracks_net.jsharp.Console,turtletracks_net.jsharp.PrimitiveGroup[])" >
                <Issue
                    Type = "ToDo"
                    Number = "1092"
                    Severity = "2"
                >Expected Value of parameters of Constructor 'java.util.Random.Random' are different in the equivalent in .NET.</Issue>
            </Section>
            <Section Name = "loadPrimitives(java.lang.String)" >
                <Issue
                    Type = "ToDo"
                    Number = "1092"
                    Severity = "2"
                >Format of parameters of method 'java.lang.Class.forName' are different in the equivalent in .NET.</Issue>
            </Section>
            <Section Name = "terminateAllThreads()" >
                <Issue
                    Type = "ToDo"
                    Number = "1073"
                    Severity = "2"
                >Method 'java.util.Enumeration.hasMoreElements' was converted to 'System.Collections.IEnumerator.MoveNext' which has a different behavior.</Issue>
                <Issue
                    Type = "ToDo"
                    Number = "1073"
                    Severity = "2"
                >Method 'java.util.Enumeration.nextElement' was converted to 'System.Collections.IEnumerator.Current' which has a different behavior.</Issue>
            </Section>
            <Section Name = "randomize(long)" >
                <Issue
                    Type = "ToDo"
                    Number = "1092"
                    Severity = "2"
                >Expected Value of parameters of Method 'java.util.Random.setSeed' are different in the equivalent in .NET.</Issue>
            </Section>
            <Section Name = "getProcList()" >
                <Issue
                    Type = "ToDo"
                    Number = "1073"
                    Severity = "2"
                >Method 'java.util.Enumeration.hasMoreElements' was converted to 'System.Collections.IEnumerator.MoveNext' which has a different behavior.</Issue>
                <Issue
                    Type = "ToDo"
                    Number = "1073"
                    Severity = "2"
                >Method 'java.util.Enumeration.nextElement' was converted to 'System.Collections.IEnumerator.Current' which has a different behavior.</Issue>
            </Section>
            <Section Name = "putProp(turtletracks_net.jsharp.CaselessString,turtletracks_net.jsharp.CaselessString,turtletracks_net.jsharp.LogoObject)" >
                <Issue
                    Type = "ToDo"
                    Number = "1043"
                    Severity = "2"
                >The equivalent in .NET for method 'java.Object.toString' may return a different value.</Issue>
            </Section>
            <Section Name = "getProp(turtletracks_net.jsharp.CaselessString,turtletracks_net.jsharp.CaselessString)" >
                <Issue
                    Type = "Compile"
                    Number = "1000"
                    LinkKeywordParam = "_javalangSystemgetProperty_javalangString"
                    Severity = "1"
                >Method 'java.lang.System.getProperty' was not converted.</Issue>
                <Issue
                    Type = "Compile"
                    Number = "1000"
                    LinkKeywordParam = "_javalangSystemgetProperty_javalangString"
                    Severity = "1"
                >Method 'java.lang.System.getProperty' was not converted.</Issue>
                <Issue
                    Type = "Compile"
                    Number = "1000"
                    LinkKeywordParam = "_javalangSystemgetProperty_javalangString"
                    Severity = "1"
                >Method 'java.lang.System.getProperty' was not converted.</Issue>
                <Issue
                    Type = "ToDo"
                    Number = "1043"
                    Severity = "2"
                >The equivalent in .NET for method 'java.Object.toString' may return a different value.</Issue>
            </Section>
            <Section Name = "getPLists()" >
                <Issue
                    Type = "ToDo"
                    Number = "1073"
                    Severity = "2"
                >Method 'java.util.Enumeration.hasMoreElements' was converted to 'System.Collections.IEnumerator.MoveNext' which has a different behavior.</Issue>
                <Issue
                    Type = "ToDo"
                    Number = "1073"
                    Severity = "2"
                >Method 'java.util.Enumeration.nextElement' was converted to 'System.Collections.IEnumerator.Current' which has a different behavior.</Issue>
            </Section>
            <Section Name = "getPropsInList(turtletracks_net.jsharp.CaselessString)" >
                <Issue
                    Type = "ToDo"
                    Number = "1073"
                    Severity = "2"
                >Method 'java.util.Enumeration.hasMoreElements' was converted to 'System.Collections.IEnumerator.MoveNext' which has a different behavior.</Issue>
                <Issue
                    Type = "ToDo"
                    Number = "1073"
                    Severity = "2"
                >Method 'java.util.Enumeration.nextElement' was converted to 'System.Collections.IEnumerator.Current' which has a different behavior.</Issue>
            </Section>
            <Section Name = "getPropsForExec(turtletracks_net.jsharp.CaselessString)" >
                <Issue
                    Type = "ToDo"
                    Number = "1073"
                    Severity = "2"
                >Method 'java.util.Enumeration.hasMoreElements' was converted to 'System.Collections.IEnumerator.MoveNext' which has a different behavior.</Issue>
                <Issue
                    Type = "ToDo"
                    Number = "1043"
                    Severity = "2"
                >The equivalent in .NET for method 'java.Object.toString' may return a different value.</Issue>
                <Issue
                    Type = "ToDo"
                    Number = "1073"
                    Severity = "2"
                >Method 'java.util.Enumeration.nextElement' was converted to 'System.Collections.IEnumerator.Current' which has a different behavior.</Issue>
            </Section>
            <Section Name = "closeAllIO()" >
                <Issue
                    Type = "ToDo"
                    Number = "1073"
                    Severity = "2"
                >Method 'java.util.Enumeration.hasMoreElements' was converted to 'System.Collections.IEnumerator.MoveNext' which has a different behavior.</Issue>
                <Issue
                    Type = "ToDo"
                    Number = "1073"
                    Severity = "2"
                >Method 'java.util.Enumeration.nextElement' was converted to 'System.Collections.IEnumerator.Current' which has a different behavior.</Issue>
            </Section>
            <Section Name = "getFileidList()" >
                <Issue
                    Type = "ToDo"
                    Number = "1073"
                    Severity = "2"
                >Method 'java.util.Enumeration.hasMoreElements' was converted to 'System.Collections.IEnumerator.MoveNext' which has a different behavior.</Issue>
                <Issue
                    Type = "ToDo"
                    Number = "1073"
                    Severity = "2"
                >Method 'java.util.Enumeration.nextElement' was converted to 'System.Collections.IEnumerator.Current' which has a different behavior.</Issue>
            </Section>
            <Section Name = "executeStream(turtletracks_net.jsharp.IOBase,turtletracks_net.jsharp.InterpreterThread)" >
                <Issue
                    Type = "ToDo"
                    Number = "1043"
                    Severity = "2"
                >The equivalent in .NET for method 'java.lang.Throwable.toString' may return a different value.</Issue>
            </Section>
            <Section Name = "printout(turtletracks_net.jsharp.IOBase,turtletracks_net.jsharp.LogoObject,turtletracks_net.jsharp.LogoObject,turtletracks_net.jsharp.LogoObject)" >
                <Issue
                    Type = "ToDo"
                    Number = "1073"
                    Severity = "2"
                >Method 'java.util.Enumeration.hasMoreElements' was converted to 'System.Collections.IEnumerator.MoveNext' which has a different behavior.</Issue>
                <Issue
                    Type = "ToDo"
                    Number = "1073"
                    Severity = "2"
                >Method 'java.util.Enumeration.nextElement' was converted to 'System.Collections.IEnumerator.Current' which has a different behavior.</Issue>
                <Issue
                    Type = "ToDo"
                    Number = "1073"
                    Severity = "2"
                >Method 'java.util.Enumeration.hasMoreElements' was converted to 'System.Collections.IEnumerator.MoveNext' which has a different behavior.</Issue>
                <Issue
                    Type = "ToDo"
                    Number = "1073"
                    Severity = "2"
                >Method 'java.util.Enumeration.hasMoreElements' was converted to 'System.Collections.IEnumerator.MoveNext' which has a different behavior.</Issue>
                <Issue
                    Type = "ToDo"
                    Number = "1073"
                    Severity = "2"
                >Method 'java.util.Enumeration.nextElement' was converted to 'System.Collections.IEnumerator.Current' which has a different behavior.</Issue>
                <Issue
                    Type = "ToDo"
                    Number = "1073"
                    Severity = "2"
                >Method 'java.util.Enumeration.nextElement' was converted to 'System.Collections.IEnumerator.Current' which has a different behavior.</Issue>
                <Issue
                    Type = "ToDo"
                    Number = "1073"
                    Severity = "2"
                >Method 'java.util.Enumeration.hasMoreElements' was converted to 'System.Collections.IEnumerator.MoveNext' which has a different behavior.</Issue>
                <Issue
                    Type = "ToDo"
                    Number = "1073"
                    Severity = "2"
                >Method 'java.util.Enumeration.nextElement' was converted to 'System.Collections.IEnumerator.Current' which has a different behavior.</Issue>
            </Section>
        </Class>
        <Issue
            Type = "Compile"
            Number = "1000"
            LinkKeywordParam = "_javalangSystemgetProperty_javalangString"
            Severity = "1"
        >Method 'java.lang.System.getProperty' was not converted.</Issue>
    </File>
    <File
        OldPath = "C:\Documents and Settings\George Birbilis\Desktop\TurtleTracks.net\TurtleTracks.net_Csharp\test\source\ParseObject.java"
        NewPath = "C:\Documents and Settings\George Birbilis\Desktop\TurtleTracks.net\TurtleTracks.net_Csharp\TurtleTracks.net_Csharp_Core.NET\ParseObject.cs"
    >
        <Issue
            Type = "ToDo"
            Number = "1143"
            Severity = "3"
        >The equivalent of method 'java.lang.Object.clone' is not an override method.</Issue>
    </File>
    <File
        OldPath = "C:\Documents and Settings\George Birbilis\Desktop\TurtleTracks.net\TurtleTracks.net_Csharp\test\source\ParsePrimitive.java"
        NewPath = "C:\Documents and Settings\George Birbilis\Desktop\TurtleTracks.net\TurtleTracks.net_Csharp\TurtleTracks.net_Csharp_Core.NET\ParsePrimitive.cs"
    >
        <Class Name = "turtletracks_net.jsharp.ParsePrimitive" >
            <Section Name = "evaluate(turtletracks_net.jsharp.InterpEnviron)" >
                <Issue
                    Type = "ToDo"
                    Number = "1043"
                    Severity = "2"
                >The equivalent in .NET for method 'java.lang.Throwable.toString' may return a different value.</Issue>
                <Issue
                    Type = "ToDo"
                    Number = "1043"
                    Severity = "2"
                >The equivalent in .NET for method 'java.lang.Throwable.getMessage' may return a different value.</Issue>
                <Issue
                    Type = "ToDo"
                    Number = "1043"
                    Severity = "2"
                >The equivalent in .NET for method 'java.lang.Throwable.toString' may return a different value.</Issue>
                <Issue
                    Type = "ToDo"
                    Number = "1043"
                    Severity = "2"
                >The equivalent in .NET for method 'java.lang.Throwable.toString' may return a different value.</Issue>
                <Issue
                    Type = "Compile"
                    Number = "1000"
                    LinkKeywordParam = "_javalangThreadyield"
                    Severity = "1"
                >Method 'java.lang.Thread.yield' was not converted.</Issue>
            </Section>
        </Class>
        <Issue
            Type = "ToDo"
            Number = "1143"
            Severity = "3"
        >The equivalent of method 'java.lang.Object.clone' is not an override method.</Issue>
    </File>
    <File
        OldPath = "C:\Documents and Settings\George Birbilis\Desktop\TurtleTracks.net\TurtleTracks.net_Csharp\test\source\ParseProcedure.java"
        NewPath = "C:\Documents and Settings\George Birbilis\Desktop\TurtleTracks.net\TurtleTracks.net_Csharp\TurtleTracks.net_Csharp_Core.NET\ParseProcedure.cs"
    >
        <Class Name = "turtletracks_net.jsharp.ParseProcedure" >
            <Section Name = "evaluate(turtletracks_net.jsharp.InterpEnviron)" >
                <Issue
                    Type = "ToDo"
                    Number = "1043"
                    Severity = "2"
                >The equivalent in .NET for method 'java.lang.Throwable.getMessage' may return a different value.</Issue>
                <Issue
                    Type = "ToDo"
                    Number = "1043"
                    Severity = "2"
                >The equivalent in .NET for method 'java.Object.toString' may return a different value.</Issue>
                <Issue
                    Type = "Compile"
                    Number = "1000"
                    LinkKeywordParam = "_javalangThreadyield"
                    Severity = "1"
                >Method 'java.lang.Thread.yield' was not converted.</Issue>
            </Section>
        </Class>
        <Issue
            Type = "ToDo"
            Number = "1143"
            Severity = "3"
        >The equivalent of method 'java.lang.Object.clone' is not an override method.</Issue>
    </File>
    <File
        OldPath = "C:\Documents and Settings\George Birbilis\Desktop\TurtleTracks.net\TurtleTracks.net_Csharp\test\source\Parser.java"
        NewPath = "C:\Documents and Settings\George Birbilis\Desktop\TurtleTracks.net\TurtleTracks.net_Csharp\TurtleTracks.net_Csharp_Core.NET\Parser.cs"
    >
        <Class Name = "turtletracks_net.jsharp.Parser" >
            <Section Name = "parseC()" >
                <Issue
                    Type = "ToDo"
                    Number = "1043"
                    Severity = "2"
                >The equivalent in .NET for method 'java.Object.toString' may return a different value.</Issue>
            </Section>
            <Section Name = "parseDp(turtletracks_net.jsharp.ParseObject)" >
                <Issue
                    Type = "ToDo"
                    Number = "1043"
                    Severity = "2"
                >The equivalent in .NET for method 'java.Object.toString' may return a different value.</Issue>
            </Section>
            <Section Name = "parseEp(turtletracks_net.jsharp.ParseObject)" >
                <Issue
                    Type = "ToDo"
                    Number = "1043"
                    Severity = "2"
                >The equivalent in .NET for method 'java.Object.toString' may return a different value.</Issue>
            </Section>
            <Section Name = "parseTp(turtletracks_net.jsharp.ParseObject)" >
                <Issue
                    Type = "ToDo"
                    Number = "1043"
                    Severity = "2"
                >The equivalent in .NET for method 'java.Object.toString' may return a different value.</Issue>
            </Section>
            <Section Name = "parseF()" >
                <Issue
                    Type = "ToDo"
                    Number = "1043"
                    Severity = "2"
                >The equivalent in .NET for method 'java.Object.toString' may return a different value.</Issue>
                <Issue
                    Type = "ToDo"
                    Number = "1043"
                    Severity = "2"
                >The equivalent in .NET for method 'java.Object.toString' may return a different value.</Issue>
                <Issue
                    Type = "ToDo"
                    Number = "1043"
                    Severity = "2"
                >The equivalent in .NET for method 'java.Object.toString' may return a different value.</Issue>
            </Section>
        </Class>
    </File>
    <File
        OldPath = "C:\Documents and Settings\George Birbilis\Desktop\TurtleTracks.net\TurtleTracks.net_Csharp\test\source\ParseSpecial.java"
        NewPath = "C:\Documents and Settings\George Birbilis\Desktop\TurtleTracks.net\TurtleTracks.net_Csharp\TurtleTracks.net_Csharp_Core.NET\ParseSpecial.cs"
    >
        <Class Name = "turtletracks_net.jsharp.ParseSpecial" >
            <Section Name = "pTO(turtletracks_net.jsharp.InterpEnviron,boolean)" >
                <Issue
                    Type = "ToDo"
                    Number = "1043"
                    Severity = "2"
                >The equivalent in .NET for method 'java.Object.toString' may return a different value.</Issue>
                <Issue
                    Type = "ToDo"
                    Number = "1043"
                    Severity = "2"
                >The equivalent in .NET for method 'java.Object.toString' may return a different value.</Issue>
                <Issue
                    Type = "Compile"
                    Number = "1000"
                    LinkKeywordParam = "_javalangThreadyield"
                    Severity = "1"
                >Method 'java.lang.Thread.yield' was not converted.</Issue>
            </Section>
        </Class>
        <Issue
            Type = "ToDo"
            Number = "1143"
            Severity = "3"
        >The equivalent of method 'java.lang.Object.clone' is not an override method.</Issue>
    </File>
    <File
        OldPath = "C:\Documents and Settings\George Birbilis\Desktop\TurtleTracks.net\TurtleTracks.net_Csharp\test\source\ParseTree.java"
        NewPath = "C:\Documents and Settings\George Birbilis\Desktop\TurtleTracks.net\TurtleTracks.net_Csharp\TurtleTracks.net_Csharp_Core.NET\ParseTree.cs"
    >
        <Issue
            Type = "ToDo"
            Number = "1143"
            Severity = "3"
        >The equivalent of method 'java.lang.Object.clone' is not an override method.</Issue>
    </File>
    <File
        OldPath = "C:\Documents and Settings\George Birbilis\Desktop\TurtleTracks.net\TurtleTracks.net_Csharp\test\source\PrimitiveGroup.java"
        NewPath = "C:\Documents and Settings\George Birbilis\Desktop\TurtleTracks.net\TurtleTracks.net_Csharp\TurtleTracks.net_Csharp_Core.NET\PrimitiveGroup.cs"
    >
        <Class Name = "turtletracks_net.jsharp.PrimitiveGroup" >
            <Section Name = "registerPrimitive(java.lang.String,java.lang.String,int)" >
                <Issue
                    Type = "ToDo"
                    Number = "1073"
                    Severity = "2"
                >Method 'java.lang.Class.getDeclaredMethod' was converted to 'System.Type.GetMethod' which has a different behavior.</Issue>
                <Issue
                    Type = "Runtime"
                    Number = "1101"
                    Severity = "2"
                >Method 'java.lang.Class.getDeclaredMethod' was converted to 'System.Type.GetMethod' which may throw an exception.</Issue>
            </Section>
        </Class>
    </File>
    <File
        OldPath = "C:\Documents and Settings\George Birbilis\Desktop\TurtleTracks.net\TurtleTracks.net_Csharp\test\source\PrimitiveSpec.java"
        NewPath = "C:\Documents and Settings\George Birbilis\Desktop\TurtleTracks.net\TurtleTracks.net_Csharp\TurtleTracks.net_Csharp_Core.NET\PrimitiveSpec.cs"
    />
    <File
        OldPath = "C:\Documents and Settings\George Birbilis\Desktop\TurtleTracks.net\TurtleTracks.net_Csharp\test\source\Procedure.java"
        NewPath = "C:\Documents and Settings\George Birbilis\Desktop\TurtleTracks.net\TurtleTracks.net_Csharp\TurtleTracks.net_Csharp_Core.NET\Procedure.cs"
    >
        <Issue
            Type = "ToDo"
            Number = "1143"
            Severity = "3"
        >The equivalent of method 'java.lang.Object.clone' is not an override method.</Issue>
    </File>
    <File
        OldPath = "C:\Documents and Settings\George Birbilis\Desktop\TurtleTracks.net\TurtleTracks.net_Csharp\test\source\SetupException.java"
        NewPath = "C:\Documents and Settings\George Birbilis\Desktop\TurtleTracks.net\TurtleTracks.net_Csharp\TurtleTracks.net_Csharp_Core.NET\SetupException.cs"
    />
    <File
        OldPath = "C:\Documents and Settings\George Birbilis\Desktop\TurtleTracks.net\TurtleTracks.net_Csharp\test\source\SymbolTable.java"
        NewPath = "C:\Documents and Settings\George Birbilis\Desktop\TurtleTracks.net\TurtleTracks.net_Csharp\TurtleTracks.net_Csharp_Core.NET\SymbolTable.cs"
    >
        <Class Name = "turtletracks_net.jsharp.SymbolTable" >
            <Section Name = "getNames()" >
                <Issue
                    Type = "ToDo"
                    Number = "1073"
                    Severity = "2"
                >Method 'java.util.Enumeration.hasMoreElements' was converted to 'System.Collections.IEnumerator.MoveNext' which has a different behavior.</Issue>
                <Issue
                    Type = "ToDo"
                    Number = "1073"
                    Severity = "2"
                >Method 'java.util.Enumeration.nextElement' was converted to 'System.Collections.IEnumerator.Current' which has a different behavior.</Issue>
            </Section>
        </Class>
    </File>
    <File
        OldPath = "C:\Documents and Settings\George Birbilis\Desktop\TurtleTracks.net\TurtleTracks.net_Csharp\test\source\ThrowException.java"
        NewPath = "C:\Documents and Settings\George Birbilis\Desktop\TurtleTracks.net\TurtleTracks.net_Csharp\TurtleTracks.net_Csharp_Core.NET\ThrowException.cs"
    >
        <Class Name = "turtletracks_net.jsharp.ThrowException" >
            <Section Name = "getTag()" >
                <Issue
                    Type = "ToDo"
                    Number = "1043"
                    Severity = "2"
                >The equivalent in .NET for method 'java.lang.Throwable.getMessage' may return a different value.</Issue>
            </Section>
            <Section Name = "toString()" >
                <Issue
                    Type = "ToDo"
                    Number = "1043"
                    Severity = "2"
                >The equivalent in .NET for method 'java.lang.Throwable.getMessage' may return a different value.</Issue>
                <Issue
                    Type = "ToDo"
                    Number = "1043"
                    Severity = "2"
                >The equivalent in .NET for method 'java.Object.toString' may return a different value.</Issue>
            </Section>
        </Class>
    </File>
    <File
        OldPath = "C:\Documents and Settings\George Birbilis\Desktop\TurtleTracks.net\TurtleTracks.net_Csharp\test\source\Tokenizer.java"
        NewPath = "C:\Documents and Settings\George Birbilis\Desktop\TurtleTracks.net\TurtleTracks.net_Csharp\TurtleTracks.net_Csharp_Core.NET\Tokenizer.cs"
    >
        <Class Name = "turtletracks_net.jsharp.Tokenizer" >
            <Section Name = "tokenizeRunnable(turtletracks_net.jsharp.LogoList)" >
                <Issue
                    Type = "ToDo"
                    Number = "1043"
                    Severity = "2"
                >The equivalent in .NET for method 'java.Object.toString' may return a different value.</Issue>
            </Section>
        </Class>
    </File>
    <Issue
        Type = "Global Warning"
        Number = "4007"
        Severity = "2"
    >The startup class  doesn't exist in the project</Issue>
</ConversionLog>

